scene_stem,zip_path,pol,status,output_path
S1A_EW_GRDM_1SDV_20160827T205058_20160827T205158_012791_014285_D834,D:\shuron\downloads\S1A_EW_GRDM_1SDV_20160827T205058_20160827T205158_012791_014285_D834.zip,,skipped_non_iw_grd,
S1A_IW_GRDH_1SDV_20170710T205910_20170710T205939_017414_01D17C_9045,D:\shuron\downloads\S1A_IW_GRDH_1SDV_20170710T205910_20170710T205939_017414_01D17C_9045.zip,VV,planned,D:\sotsuron\rainsar-hub\shuron_sar_flood_detection\preprocess_plan\VV\S1A_IW_GRDH_1SDV_20170710T205910_20170710T205939_017414_01D17C_9045__VV_proc.tif
S1A_IW_GRDH_1SDV_20170710T205910_20170710T205939_017414_01D17C_9045,D:\shuron\downloads\S1A_IW_GRDH_1SDV_20170710T205910_20170710T205939_017414_01D17C_9045.zip,VH,planned,D:\sotsuron\rainsar-hub\shuron_sar_flood_detection\preprocess_plan\VH\S1A_IW_GRDH_1SDV_20170710T205910_20170710T205939_017414_01D17C_9045__VH_proc.tif
S1A_IW_GRDH_1SDV_20170722T205911_20170722T205940_017589_01D6CD_6867,D:\shuron\downloads\S1A_IW_GRDH_1SDV_20170722T205911_20170722T205940_017589_01D6CD_6867.zip,VV,planned,D:\sotsuron\rainsar-hub\shuron_sar_flood_detection\preprocess_plan\VV\S1A_IW_GRDH_1SDV_20170722T205911_20170722T205940_017589_01D6CD_6867__VV_proc.tif
S1A_IW_GRDH_1SDV_20170722T205911_20170722T205940_017589_01D6CD_6867,D:\shuron\downloads\S1A_IW_GRDH_1SDV_20170722T205911_20170722T205940_017589_01D6CD_6867.zip,VH,planned,D:\sotsuron\rainsar-hub\shuron_sar_flood_detection\preprocess_plan\VH\S1A_IW_GRDH_1SDV_20170722T205911_20170722T205940_017589_01D6CD_6867__VH_proc.tif
S1A_IW_GRDH_1SDV_20180623T205916_20180623T205945_022489_026F8C_FC30,D:\sotsuron\rainsar-hub\data\final\SAFE\S1A_IW_GRDH_1SDV_20180623T205916_20180623T205945_022489_026F8C_FC30.zip,VV,planned,D:\sotsuron\rainsar-hub\shuron_sar_flood_detection\preprocess_plan\VV\S1A_IW_GRDH_1SDV_20180623T205916_20180623T205945_022489_026F8C_FC30__VV_proc.tif
S1A_IW_GRDH_1SDV_20180623T205916_20180623T205945_022489_026F8C_FC30,D:\sotsuron\rainsar-hub\data\final\SAFE\S1A_IW_GRDH_1SDV_20180623T205916_20180623T205945_022489_026F8C_FC30.zip,VH,planned,D:\sotsuron\rainsar-hub\shuron_sar_flood_detection\preprocess_plan\VH\S1A_IW_GRDH_1SDV_20180623T205916_20180623T205945_022489_026F8C_FC30__VH_proc.tif
S1A_IW_GRDH_1SDV_20180705T205916_20180705T205945_022664_0274A8_7185,D:\sotsuron\rainsar-hub\data\final\SAFE\S1A_IW_GRDH_1SDV_20180705T205916_20180705T205945_022664_0274A8_7185.zip,VV,planned,D:\sotsuron\rainsar-hub\shuron_sar_flood_detection\preprocess_plan\VV\S1A_IW_GRDH_1SDV_20180705T205916_20180705T205945_022664_0274A8_7185__VV_proc.tif
S1A_IW_GRDH_1SDV_20180705T205916_20180705T205945_022664_0274A8_7185,D:\sotsuron\rainsar-hub\data\final\SAFE\S1A_IW_GRDH_1SDV_20180705T205916_20180705T205945_022664_0274A8_7185.zip,VH,planned,D:\sotsuron\rainsar-hub\shuron_sar_flood_detection\preprocess_plan\VH\S1A_IW_GRDH_1SDV_20180705T205916_20180705T205945_022664_0274A8_7185__VH_proc.tif
S1A_IW_GRDH_1SDV_20180817T205055_20180817T205124_023291_028863_FC71,D:\shuron\downloads\S1A_IW_GRDH_1SDV_20180817T205055_20180817T205124_023291_028863_FC71.zip,VV,planned,D:\sotsuron\rainsar-hub\shuron_sar_flood_detection\preprocess_plan\VV\S1A_IW_GRDH_1SDV_20180817T205055_20180817T205124_023291_028863_FC71__VV_proc.tif
S1A_IW_GRDH_1SDV_20180817T205055_20180817T205124_023291_028863_FC71,D:\shuron\downloads\S1A_IW_GRDH_1SDV_20180817T205055_20180817T205124_023291_028863_FC71.zip,VH,planned,D:\sotsuron\rainsar-hub\shuron_sar_flood_detection\preprocess_plan\VH\S1A_IW_GRDH_1SDV_20180817T205055_20180817T205124_023291_028863_FC71__VH_proc.tif
S1A_IW_GRDH_1SDV_20180829T205056_20180829T205125_023466_028DF4_4120,D:\shuron\downloads\S1A_IW_GRDH_1SDV_20180829T205056_20180829T205125_023466_028DF4_4120.zip,VV,planned,D:\sotsuron\rainsar-hub\shuron_sar_flood_detection\preprocess_plan\VV\S1A_IW_GRDH_1SDV_20180829T205056_20180829T205125_023466_028DF4_4120__VV_proc.tif
S1A_IW_GRDH_1SDV_20180829T205056_20180829T205125_023466_028DF4_4120,D:\shuron\downloads\S1A_IW_GRDH_1SDV_20180829T205056_20180829T205125_023466_028DF4_4120.zip,VH,planned,D:\sotsuron\rainsar-hub\shuron_sar_flood_detection\preprocess_plan\VH\S1A_IW_GRDH_1SDV_20180829T205056_20180829T205125_023466_028DF4_4120__VH_proc.tif
S1A_IW_GRDH_1SDV_20180910T205057_20180910T205126_023641_029390_DEF7,D:\shuron\downloads\S1A_IW_GRDH_1SDV_20180910T205057_20180910T205126_023641_029390_DEF7.zip,VV,planned,D:\sotsuron\rainsar-hub\shuron_sar_flood_detection\preprocess_plan\VV\S1A_IW_GRDH_1SDV_20180910T205057_20180910T205126_023641_029390_DEF7__VV_proc.tif
S1A_IW_GRDH_1SDV_20180910T205057_20180910T205126_023641_029390_DEF7,D:\shuron\downloads\S1A_IW_GRDH_1SDV_20180910T205057_20180910T205126_023641_029390_DEF7.zip,VH,planned,D:\sotsuron\rainsar-hub\shuron_sar_flood_detection\preprocess_plan\VH\S1A_IW_GRDH_1SDV_20180910T205057_20180910T205126_023641_029390_DEF7__VH_proc.tif
S1A_IW_GRDH_1SDV_20190618T205921_20190618T205950_027739_032196_5084,D:\shuron\downloads\S1A_IW_GRDH_1SDV_20190618T205921_20190618T205950_027739_032196_5084.zip,VV,planned,D:\sotsuron\rainsar-hub\shuron_sar_flood_detection\preprocess_plan\VV\S1A_IW_GRDH_1SDV_20190618T205921_20190618T205950_027739_032196_5084__VV_proc.tif
S1A_IW_GRDH_1SDV_20190618T205921_20190618T205950_027739_032196_5084,D:\shuron\downloads\S1A_IW_GRDH_1SDV_20190618T205921_20190618T205950_027739_032196_5084.zip,VH,planned,D:\sotsuron\rainsar-hub\shuron_sar_flood_detection\preprocess_plan\VH\S1A_IW_GRDH_1SDV_20190618T205921_20190618T205950_027739_032196_5084__VH_proc.tif
S1A_IW_GRDH_1SDV_20190630T205922_20190630T205951_027914_0326CE_3EB1,D:\shuron\downloads\S1A_IW_GRDH_1SDV_20190630T205922_20190630T205951_027914_0326CE_3EB1.zip,VV,planned,D:\sotsuron\rainsar-hub\shuron_sar_flood_detection\preprocess_plan\VV\S1A_IW_GRDH_1SDV_20190630T205922_20190630T205951_027914_0326CE_3EB1__VV_proc.tif
S1A_IW_GRDH_1SDV_20190630T205922_20190630T205951_027914_0326CE_3EB1,D:\shuron\downloads\S1A_IW_GRDH_1SDV_20190630T205922_20190630T205951_027914_0326CE_3EB1.zip,VH,planned,D:\sotsuron\rainsar-hub\shuron_sar_flood_detection\preprocess_plan\VH\S1A_IW_GRDH_1SDV_20190630T205922_20190630T205951_027914_0326CE_3EB1__VH_proc.tif
S1A_IW_GRDH_1SDV_20200725T205107_20200725T205136_033616_03E565_126D,D:\shuron\downloads\S1A_IW_GRDH_1SDV_20200725T205107_20200725T205136_033616_03E565_126D.zip,VV,planned,D:\sotsuron\rainsar-hub\shuron_sar_flood_detection\preprocess_plan\VV\S1A_IW_GRDH_1SDV_20200725T205107_20200725T205136_033616_03E565_126D__VV_proc.tif
S1A_IW_GRDH_1SDV_20200725T205107_20200725T205136_033616_03E565_126D,D:\shuron\downloads\S1A_IW_GRDH_1SDV_20200725T205107_20200725T205136_033616_03E565_126D.zip,VH,planned,D:\sotsuron\rainsar-hub\shuron_sar_flood_detection\preprocess_plan\VH\S1A_IW_GRDH_1SDV_20200725T205107_20200725T205136_033616_03E565_126D__VH_proc.tif
S1A_IW_GRDH_1SDV_20200806T205107_20200806T205136_033791_03EAD9_F312,D:\shuron\downloads\S1A_IW_GRDH_1SDV_20200806T205107_20200806T205136_033791_03EAD9_F312.zip,VV,planned,D:\sotsuron\rainsar-hub\shuron_sar_flood_detection\preprocess_plan\VV\S1A_IW_GRDH_1SDV_20200806T205107_20200806T205136_033791_03EAD9_F312__VV_proc.tif
S1A_IW_GRDH_1SDV_20200806T205107_20200806T205136_033791_03EAD9_F312,D:\shuron\downloads\S1A_IW_GRDH_1SDV_20200806T205107_20200806T205136_033791_03EAD9_F312.zip,VH,planned,D:\sotsuron\rainsar-hub\shuron_sar_flood_detection\preprocess_plan\VH\S1A_IW_GRDH_1SDV_20200806T205107_20200806T205136_033791_03EAD9_F312__VH_proc.tif
S1A_IW_GRDH_1SDV_20220808T205120_20220808T205149_044466_054E64_BBC6,D:\shuron\downloads\S1A_IW_GRDH_1SDV_20220808T205120_20220808T205149_044466_054E64_BBC6.zip,,skipped_invalid_zip,
S1A_IW_GRDH_1SDV_20220820T205120_20220820T205149_044641_055447_90A0,D:\shuron\downloads\S1A_IW_GRDH_1SDV_20220820T205120_20220820T205149_044641_055447_90A0.zip,VV,planned,D:\sotsuron\rainsar-hub\shuron_sar_flood_detection\preprocess_plan\VV\S1A_IW_GRDH_1SDV_20220820T205120_20220820T205149_044641_055447_90A0__VV_proc.tif
S1A_IW_GRDH_1SDV_20220820T205120_20220820T205149_044641_055447_90A0,D:\shuron\downloads\S1A_IW_GRDH_1SDV_20220820T205120_20220820T205149_044641_055447_90A0.zip,VH,planned,D:\sotsuron\rainsar-hub\shuron_sar_flood_detection\preprocess_plan\VH\S1A_IW_GRDH_1SDV_20220820T205120_20220820T205149_044641_055447_90A0__VH_proc.tif
S1A_IW_GRDH_1SDV_20220901T205121_20220901T205150_044816_055A2E_5C33,D:\shuron\downloads\S1A_IW_GRDH_1SDV_20220901T205121_20220901T205150_044816_055A2E_5C33.zip,VV,planned,D:\sotsuron\rainsar-hub\shuron_sar_flood_detection\preprocess_plan\VV\S1A_IW_GRDH_1SDV_20220901T205121_20220901T205150_044816_055A2E_5C33__VV_proc.tif
S1A_IW_GRDH_1SDV_20220901T205121_20220901T205150_044816_055A2E_5C33,D:\shuron\downloads\S1A_IW_GRDH_1SDV_20220901T205121_20220901T205150_044816_055A2E_5C33.zip,VH,planned,D:\sotsuron\rainsar-hub\shuron_sar_flood_detection\preprocess_plan\VH\S1A_IW_GRDH_1SDV_20220901T205121_20220901T205150_044816_055A2E_5C33__VH_proc.tif
S1A_IW_GRDH_1SDV_20240821T205122_20240821T205151_055316_06BEAB_CF0C,D:\shuron\downloads\S1A_IW_GRDH_1SDV_20240821T205122_20240821T205151_055316_06BEAB_CF0C.zip,VV,planned,D:\sotsuron\rainsar-hub\shuron_sar_flood_detection\preprocess_plan\VV\S1A_IW_GRDH_1SDV_20240821T205122_20240821T205151_055316_06BEAB_CF0C__VV_proc.tif
S1A_IW_GRDH_1SDV_20240821T205122_20240821T205151_055316_06BEAB_CF0C,D:\shuron\downloads\S1A_IW_GRDH_1SDV_20240821T205122_20240821T205151_055316_06BEAB_CF0C.zip,VH,planned,D:\sotsuron\rainsar-hub\shuron_sar_flood_detection\preprocess_plan\VH\S1A_IW_GRDH_1SDV_20240821T205122_20240821T205151_055316_06BEAB_CF0C__VH_proc.tif
S1A_IW_GRDH_1SDV_20240902T205122_20240902T205151_055491_06C52D_1AD2,D:\shuron\downloads\S1A_IW_GRDH_1SDV_20240902T205122_20240902T205151_055491_06C52D_1AD2.zip,VV,planned,D:\sotsuron\rainsar-hub\shuron_sar_flood_detection\preprocess_plan\VV\S1A_IW_GRDH_1SDV_20240902T205122_20240902T205151_055491_06C52D_1AD2__VV_proc.tif
S1A_IW_GRDH_1SDV_20240902T205122_20240902T205151_055491_06C52D_1AD2,D:\shuron\downloads\S1A_IW_GRDH_1SDV_20240902T205122_20240902T205151_055491_06C52D_1AD2.zip,VH,planned,D:\sotsuron\rainsar-hub\shuron_sar_flood_detection\preprocess_plan\VH\S1A_IW_GRDH_1SDV_20240902T205122_20240902T205151_055491_06C52D_1AD2__VH_proc.tif
S1A_IW_GRDH_1SDV_20250610T205939_20250610T210008_059589_0765F0_D379,D:\shuron\downloads\S1A_IW_GRDH_1SDV_20250610T205939_20250610T210008_059589_0765F0_D379.zip,VV,planned,D:\sotsuron\rainsar-hub\shuron_sar_flood_detection\preprocess_plan\VV\S1A_IW_GRDH_1SDV_20250610T205939_20250610T210008_059589_0765F0_D379__VV_proc.tif
S1A_IW_GRDH_1SDV_20250610T205939_20250610T210008_059589_0765F0_D379,D:\shuron\downloads\S1A_IW_GRDH_1SDV_20250610T205939_20250610T210008_059589_0765F0_D379.zip,VH,planned,D:\sotsuron\rainsar-hub\shuron_sar_flood_detection\preprocess_plan\VH\S1A_IW_GRDH_1SDV_20250610T205939_20250610T210008_059589_0765F0_D379__VH_proc.tif
S1A_IW_GRDH_1SDV_20250622T205938_20250622T210007_059764_076BF9_036C,D:\shuron\downloads\S1A_IW_GRDH_1SDV_20250622T205938_20250622T210007_059764_076BF9_036C.zip,VV,planned,D:\sotsuron\rainsar-hub\shuron_sar_flood_detection\preprocess_plan\VV\S1A_IW_GRDH_1SDV_20250622T205938_20250622T210007_059764_076BF9_036C__VV_proc.tif
S1A_IW_GRDH_1SDV_20250622T205938_20250622T210007_059764_076BF9_036C,D:\shuron\downloads\S1A_IW_GRDH_1SDV_20250622T205938_20250622T210007_059764_076BF9_036C.zip,VH,planned,D:\sotsuron\rainsar-hub\shuron_sar_flood_detection\preprocess_plan\VH\S1A_IW_GRDH_1SDV_20250622T205938_20250622T210007_059764_076BF9_036C__VH_proc.tif
S1A_IW_GRDH_1SDV_20250728T205936_20250728T210005_060289_077E1C_787D,D:\shuron\downloads\S1A_IW_GRDH_1SDV_20250728T205936_20250728T210005_060289_077E1C_787D.zip,VV,planned,D:\sotsuron\rainsar-hub\shuron_sar_flood_detection\preprocess_plan\VV\S1A_IW_GRDH_1SDV_20250728T205936_20250728T210005_060289_077E1C_787D__VV_proc.tif
S1A_IW_GRDH_1SDV_20250728T205936_20250728T210005_060289_077E1C_787D,D:\shuron\downloads\S1A_IW_GRDH_1SDV_20250728T205936_20250728T210005_060289_077E1C_787D.zip,VH,planned,D:\sotsuron\rainsar-hub\shuron_sar_flood_detection\preprocess_plan\VH\S1A_IW_GRDH_1SDV_20250728T205936_20250728T210005_060289_077E1C_787D__VH_proc.tif
S1A_IW_GRDH_1SDV_20250809T205936_20250809T210005_060464_078469_F737,D:\shuron\downloads\S1A_IW_GRDH_1SDV_20250809T205936_20250809T210005_060464_078469_F737.zip,VV,planned,D:\sotsuron\rainsar-hub\shuron_sar_flood_detection\preprocess_plan\VV\S1A_IW_GRDH_1SDV_20250809T205936_20250809T210005_060464_078469_F737__VV_proc.tif
S1A_IW_GRDH_1SDV_20250809T205936_20250809T210005_060464_078469_F737,D:\shuron\downloads\S1A_IW_GRDH_1SDV_20250809T205936_20250809T210005_060464_078469_F737.zip,VH,planned,D:\sotsuron\rainsar-hub\shuron_sar_flood_detection\preprocess_plan\VH\S1A_IW_GRDH_1SDV_20250809T205936_20250809T210005_060464_078469_F737__VH_proc.tif
S1A_IW_GRDH_1SSV_20141013T205050_20141013T205115_002816_0032BF_2F80,D:\shuron\downloads\S1A_IW_GRDH_1SSV_20141013T205050_20141013T205115_002816_0032BF_2F80.zip,VV,planned,D:\sotsuron\rainsar-hub\shuron_sar_flood_detection\preprocess_plan\VV\S1A_IW_GRDH_1SSV_20141013T205050_20141013T205115_002816_0032BF_2F80__VV_proc.tif
S1A_IW_GRDH_1SSV_20141013T205050_20141013T205115_002816_0032BF_2F80,D:\shuron\downloads\S1A_IW_GRDH_1SSV_20141013T205050_20141013T205115_002816_0032BF_2F80.zip,VH,skipped_unavailable_pol,
S1A_IW_GRDH_1SSV_20150809T085013_20150809T085041_007184_009D00_08D5,D:\shuron\downloads\S1A_IW_GRDH_1SSV_20150809T085013_20150809T085041_007184_009D00_08D5.zip,VV,planned,D:\sotsuron\rainsar-hub\shuron_sar_flood_detection\preprocess_plan\VV\S1A_IW_GRDH_1SSV_20150809T085013_20150809T085041_007184_009D00_08D5__VV_proc.tif
S1A_IW_GRDH_1SSV_20150809T085013_20150809T085041_007184_009D00_08D5,D:\shuron\downloads\S1A_IW_GRDH_1SSV_20150809T085013_20150809T085041_007184_009D00_08D5.zip,VH,skipped_unavailable_pol,
S1A_IW_GRDH_1SSV_20150902T085014_20150902T085042_007534_00A691_0D6E,D:\shuron\downloads\S1A_IW_GRDH_1SSV_20150902T085014_20150902T085042_007534_00A691_0D6E.zip,VV,planned,D:\sotsuron\rainsar-hub\shuron_sar_flood_detection\preprocess_plan\VV\S1A_IW_GRDH_1SSV_20150902T085014_20150902T085042_007534_00A691_0D6E__VV_proc.tif
S1A_IW_GRDH_1SSV_20150902T085014_20150902T085042_007534_00A691_0D6E,D:\shuron\downloads\S1A_IW_GRDH_1SSV_20150902T085014_20150902T085042_007534_00A691_0D6E.zip,VH,skipped_unavailable_pol,
S1A_IW_GRDH_1SSV_20150907T205907_20150907T205936_007614_00A8C0_6451,D:\shuron\downloads\S1A_IW_GRDH_1SSV_20150907T205907_20150907T205936_007614_00A8C0_6451.zip,VV,planned,D:\sotsuron\rainsar-hub\shuron_sar_flood_detection\preprocess_plan\VV\S1A_IW_GRDH_1SSV_20150907T205907_20150907T205936_007614_00A8C0_6451__VV_proc.tif
S1A_IW_GRDH_1SSV_20150907T205907_20150907T205936_007614_00A8C0_6451,D:\shuron\downloads\S1A_IW_GRDH_1SSV_20150907T205907_20150907T205936_007614_00A8C0_6451.zip,VH,skipped_unavailable_pol,
S1A_IW_GRDH_1SSV_20151001T205907_20151001T205936_007964_00B220_F581,D:\shuron\downloads\S1A_IW_GRDH_1SSV_20151001T205907_20151001T205936_007964_00B220_F581.zip,VV,planned,D:\sotsuron\rainsar-hub\shuron_sar_flood_detection\preprocess_plan\VV\S1A_IW_GRDH_1SSV_20151001T205907_20151001T205936_007964_00B220_F581__VV_proc.tif
S1A_IW_GRDH_1SSV_20151001T205907_20151001T205936_007964_00B220_F581,D:\shuron\downloads\S1A_IW_GRDH_1SSV_20151001T205907_20151001T205936_007964_00B220_F581.zip,VH,skipped_unavailable_pol,
S1A_IW_GRDH_1SSV_20160722T205042_20160722T205111_012266_013100_05BD,D:\shuron\downloads\S1A_IW_GRDH_1SSV_20160722T205042_20160722T205111_012266_013100_05BD.zip,VV,planned,D:\sotsuron\rainsar-hub\shuron_sar_flood_detection\preprocess_plan\VV\S1A_IW_GRDH_1SSV_20160722T205042_20160722T205111_012266_013100_05BD__VV_proc.tif
S1A_IW_GRDH_1SSV_20160722T205042_20160722T205111_012266_013100_05BD,D:\shuron\downloads\S1A_IW_GRDH_1SSV_20160722T205042_20160722T205111_012266_013100_05BD.zip,VH,skipped_unavailable_pol,
S1A_IW_GRDH_1SSV_20160803T085019_20160803T085048_012434_01369B_F2A8,D:\shuron\downloads\S1A_IW_GRDH_1SSV_20160803T085019_20160803T085048_012434_01369B_F2A8.zip,VV,planned,D:\sotsuron\rainsar-hub\shuron_sar_flood_detection\preprocess_plan\VV\S1A_IW_GRDH_1SSV_20160803T085019_20160803T085048_012434_01369B_F2A8__VV_proc.tif
S1A_IW_GRDH_1SSV_20160803T085019_20160803T085048_012434_01369B_F2A8,D:\shuron\downloads\S1A_IW_GRDH_1SSV_20160803T085019_20160803T085048_012434_01369B_F2A8.zip,VH,skipped_unavailable_pol,
S1A_IW_GRDH_1SSV_20160815T205043_20160815T205112_012616_013C93_58FD,D:\shuron\downloads\S1A_IW_GRDH_1SSV_20160815T205043_20160815T205112_012616_013C93_58FD.zip,VV,planned,D:\sotsuron\rainsar-hub\shuron_sar_flood_detection\preprocess_plan\VV\S1A_IW_GRDH_1SSV_20160815T205043_20160815T205112_012616_013C93_58FD__VV_proc.tif
S1A_IW_GRDH_1SSV_20160815T205043_20160815T205112_012616_013C93_58FD,D:\shuron\downloads\S1A_IW_GRDH_1SSV_20160815T205043_20160815T205112_012616_013C93_58FD.zip,VH,skipped_unavailable_pol,
S1A_IW_GRDH_1SSV_20160827T085020_20160827T085049_012784_014245_0684,D:\shuron\downloads\S1A_IW_GRDH_1SSV_20160827T085020_20160827T085049_012784_014245_0684.zip,VV,planned,D:\sotsuron\rainsar-hub\shuron_sar_flood_detection\preprocess_plan\VV\S1A_IW_GRDH_1SSV_20160827T085020_20160827T085049_012784_014245_0684__VV_proc.tif
S1A_IW_GRDH_1SSV_20160827T085020_20160827T085049_012784_014245_0684,D:\shuron\downloads\S1A_IW_GRDH_1SSV_20160827T085020_20160827T085049_012784_014245_0684.zip,VH,skipped_unavailable_pol,
S1A_IW_GRDH_1SSV_20160908T205044_20160908T205113_012966_014837_9430,D:\shuron\downloads\S1A_IW_GRDH_1SSV_20160908T205044_20160908T205113_012966_014837_9430.zip,VV,planned,D:\sotsuron\rainsar-hub\shuron_sar_flood_detection\preprocess_plan\VV\S1A_IW_GRDH_1SSV_20160908T205044_20160908T205113_012966_014837_9430__VV_proc.tif
S1A_IW_GRDH_1SSV_20160908T205044_20160908T205113_012966_014837_9430,D:\shuron\downloads\S1A_IW_GRDH_1SSV_20160908T205044_20160908T205113_012966_014837_9430.zip,VH,skipped_unavailable_pol,
S1A_IW_GRDH_1SSV_20160920T085021_20160920T085049_013134_014DC5_29D8,D:\shuron\downloads\S1A_IW_GRDH_1SSV_20160920T085021_20160920T085049_013134_014DC5_29D8.zip,VV,planned,D:\sotsuron\rainsar-hub\shuron_sar_flood_detection\preprocess_plan\VV\S1A_IW_GRDH_1SSV_20160920T085021_20160920T085049_013134_014DC5_29D8__VV_proc.tif
S1A_IW_GRDH_1SSV_20160920T085021_20160920T085049_013134_014DC5_29D8,D:\shuron\downloads\S1A_IW_GRDH_1SSV_20160920T085021_20160920T085049_013134_014DC5_29D8.zip,VH,skipped_unavailable_pol,
S1B_IW_GRDH_1SDV_20170711T084941_20170711T085010_006438_00B517_D30F,D:\shuron\downloads\S1B_IW_GRDH_1SDV_20170711T084941_20170711T085010_006438_00B517_D30F.zip,VV,planned,D:\sotsuron\rainsar-hub\shuron_sar_flood_detection\preprocess_plan\VV\S1B_IW_GRDH_1SDV_20170711T084941_20170711T085010_006438_00B517_D30F__VV_proc.tif
S1B_IW_GRDH_1SDV_20170711T084941_20170711T085010_006438_00B517_D30F,D:\shuron\downloads\S1B_IW_GRDH_1SDV_20170711T084941_20170711T085010_006438_00B517_D30F.zip,VH,planned,D:\sotsuron\rainsar-hub\shuron_sar_flood_detection\preprocess_plan\VH\S1B_IW_GRDH_1SDV_20170711T084941_20170711T085010_006438_00B517_D30F__VH_proc.tif
S1B_IW_GRDH_1SDV_20170723T084942_20170723T085010_006613_00BA16_6C49,D:\shuron\downloads\S1B_IW_GRDH_1SDV_20170723T084942_20170723T085010_006613_00BA16_6C49.zip,VV,planned,D:\sotsuron\rainsar-hub\shuron_sar_flood_detection\preprocess_plan\VV\S1B_IW_GRDH_1SDV_20170723T084942_20170723T085010_006613_00BA16_6C49__VV_proc.tif
S1B_IW_GRDH_1SDV_20170723T084942_20170723T085010_006613_00BA16_6C49,D:\shuron\downloads\S1B_IW_GRDH_1SDV_20170723T084942_20170723T085010_006613_00BA16_6C49.zip,VH,planned,D:\sotsuron\rainsar-hub\shuron_sar_flood_detection\preprocess_plan\VH\S1B_IW_GRDH_1SDV_20170723T084942_20170723T085010_006613_00BA16_6C49__VH_proc.tif
S1B_IW_GRDH_1SDV_20200905T085004_20200905T085029_023238_02C216_4B8B,D:\shuron\downloads\S1B_IW_GRDH_1SDV_20200905T085004_20200905T085029_023238_02C216_4B8B.zip,VV,planned,D:\sotsuron\rainsar-hub\shuron_sar_flood_detection\preprocess_plan\VV\S1B_IW_GRDH_1SDV_20200905T085004_20200905T085029_023238_02C216_4B8B__VV_proc.tif
S1B_IW_GRDH_1SDV_20200905T085004_20200905T085029_023238_02C216_4B8B,D:\shuron\downloads\S1B_IW_GRDH_1SDV_20200905T085004_20200905T085029_023238_02C216_4B8B.zip,VH,planned,D:\sotsuron\rainsar-hub\shuron_sar_flood_detection\preprocess_plan\VH\S1B_IW_GRDH_1SDV_20200905T085004_20200905T085029_023238_02C216_4B8B__VH_proc.tif
S1B_IW_GRDH_1SDV_20200917T085004_20200917T085029_023413_02C79D_9116,D:\shuron\downloads\S1B_IW_GRDH_1SDV_20200917T085004_20200917T085029_023413_02C79D_9116.zip,VV,planned,D:\sotsuron\rainsar-hub\shuron_sar_flood_detection\preprocess_plan\VV\S1B_IW_GRDH_1SDV_20200917T085004_20200917T085029_023413_02C79D_9116__VV_proc.tif
S1B_IW_GRDH_1SDV_20200917T085004_20200917T085029_023413_02C79D_9116,D:\shuron\downloads\S1B_IW_GRDH_1SDV_20200917T085004_20200917T085029_023413_02C79D_9116.zip,VH,planned,D:\sotsuron\rainsar-hub\shuron_sar_flood_detection\preprocess_plan\VH\S1B_IW_GRDH_1SDV_20200917T085004_20200917T085029_023413_02C79D_9116__VH_proc.tif
S1C_IW_GRDH_1SDV_20250611T084959_20250611T085024_002733_005A1B_F576,D:\shuron\downloads\S1C_IW_GRDH_1SDV_20250611T084959_20250611T085024_002733_005A1B_F576.zip,VV,planned,D:\sotsuron\rainsar-hub\shuron_sar_flood_detection\preprocess_plan\VV\S1C_IW_GRDH_1SDV_20250611T084959_20250611T085024_002733_005A1B_F576__VV_proc.tif
S1C_IW_GRDH_1SDV_20250611T084959_20250611T085024_002733_005A1B_F576,D:\shuron\downloads\S1C_IW_GRDH_1SDV_20250611T084959_20250611T085024_002733_005A1B_F576.zip,VH,planned,D:\sotsuron\rainsar-hub\shuron_sar_flood_detection\preprocess_plan\VH\S1C_IW_GRDH_1SDV_20250611T084959_20250611T085024_002733_005A1B_F576__VH_proc.tif
S1C_IW_GRDH_1SDV_20250623T085000_20250623T085025_002908_005F25_2980,D:\shuron\downloads\S1C_IW_GRDH_1SDV_20250623T085000_20250623T085025_002908_005F25_2980.zip,,skipped_invalid_zip,
S1C_IW_GRDH_1SDV_20250729T085002_20250729T085027_003433_006E66_0873,D:\shuron\downloads\S1C_IW_GRDH_1SDV_20250729T085002_20250729T085027_003433_006E66_0873.zip,VV,planned,D:\sotsuron\rainsar-hub\shuron_sar_flood_detection\preprocess_plan\VV\S1C_IW_GRDH_1SDV_20250729T085002_20250729T085027_003433_006E66_0873__VV_proc.tif
S1C_IW_GRDH_1SDV_20250729T085002_20250729T085027_003433_006E66_0873,D:\shuron\downloads\S1C_IW_GRDH_1SDV_20250729T085002_20250729T085027_003433_006E66_0873.zip,VH,planned,D:\sotsuron\rainsar-hub\shuron_sar_flood_detection\preprocess_plan\VH\S1C_IW_GRDH_1SDV_20250729T085002_20250729T085027_003433_006E66_0873__VH_proc.tif
S1C_IW_GRDH_1SDV_20250810T085002_20250810T085027_003608_007394_F514,D:\shuron\downloads\S1C_IW_GRDH_1SDV_20250810T085002_20250810T085027_003608_007394_F514.zip,VV,planned,D:\sotsuron\rainsar-hub\shuron_sar_flood_detection\preprocess_plan\VV\S1C_IW_GRDH_1SDV_20250810T085002_20250810T085027_003608_007394_F514__VV_proc.tif
S1C_IW_GRDH_1SDV_20250810T085002_20250810T085027_003608_007394_F514,D:\shuron\downloads\S1C_IW_GRDH_1SDV_20250810T085002_20250810T085027_003608_007394_F514.zip,VH,planned,D:\sotsuron\rainsar-hub\shuron_sar_flood_detection\preprocess_plan\VH\S1C_IW_GRDH_1SDV_20250810T085002_20250810T085027_003608_007394_F514__VH_proc.tif
